Title,Description,Author,Rating,Reviews,Total Hours,Number of Lectures,Difficulty,Discounted Price,Original Price,Tags
The Complete 2023 Web Development Bootcamp,"Become a Full-Stack Web Developer with just ONE course. HTML, CSS, Javascript, Node, React, MongoDB, Web3 and DApps",Dr. Angela Yu,4.7 out of 5,"257,801",65.5 total hours,490 lectures,All Levels,₱999,"₱4,790",Bestseller
The Web Developer Bootcamp 2023,"COMPLETELY REDONE - The only course you need to learn web development - HTML, CSS, JS, Node, and More!",Colt Steele,4.7 out of 5,"253,660",64 total hours,615 lectures,All Levels,₱799,"₱4,790",None
Angular - The Complete Guide (2023 Edition),"Master Angular (formerly ""Angular 2"") and build awesome, reactive web apps with the successor of Angular.js",Maximilian Schwarzmüller,4.6 out of 5,"179,126",34.5 total hours,472 lectures,All Levels,₱799,"₱4,490",Bestseller
The Complete JavaScript Course 2023: From Zero to Expert!,"The modern JavaScript course for everyone! Master JavaScript with projects, challenges and theory. Many courses in one!",Jonas Schmedtmann,4.7 out of 5,"165,404",69 total hours,320 lectures,All Levels,₱899,"₱4,790",Bestseller
Build Responsive Real-World Websites with HTML and CSS,"Learn modern HTML5, CSS3 and web design by building a stunning website for your portfolio! Includes flexbox and CSS Grid",Jonas Schmedtmann,4.8 out of 5,"89,447",37.5 total hours,151 lectures,All Levels,₱799,"₱4,790",Bestseller
Modern React with Redux [2023 Update],"Master React and Redux Toolkit.  Includes RTK Query, tons of custom hooks, and more!  Course 100% Updated November 2022",Stephen Grider,4.7 out of 5,"79,626",64 total hours,722 lectures,All Levels,₱899,"₱3,990",Bestseller
The Complete Web Developer Course 3.0,"Learn Web Development in 2023! Build apps, website, projects using HTML, CSS, Javascript, PHP, Python, MySQL & more!","Rob Percival, Codestars • over 2 million students worldwide!",4.5 out of 5,"70,842",31 total hours,220 lectures,All Levels,₱899,"₱4,790",None
The Complete Web Developer in 2023: Zero to Mastery,"Learn to code and become a Web Developer in 2023 with HTML, CSS, Javascript, React, Node.js, Machine Learning & more!","Andrei Neagoie, Zero To Mastery",4.7 out of 5,"59,302",38.5 total hours,402 lectures,All Levels,₱799,"₱4,490",None
Vue - The Complete Guide (incl. Router & Composition API),Vue.js is an awesome JavaScript Framework for building Frontend Applications! VueJS mixes the Best of Angular + React!,Maximilian Schwarzmüller,4.7 out of 5,"57,668",32 total hours,330 lectures,All Levels,₱899,"₱4,490",Bestseller
Python and Django Full Stack Web Developer Bootcamp,"Learn to build websites with HTML , CSS , Bootstrap , Javascript , jQuery , Python 3 , and Django!",Jose Portilla,4.5 out of 5,"46,315",32 total hours,198 lectures,All Levels,₱799,"₱4,490",Bestseller
JavaScript: Understanding the Weird Parts,"An advanced JavaScript course for everyone! Scope, closures, prototypes, 'this', build your own framework, and more.",Anthony Alicea,4.7 out of 5,"46,259",12 total hours,89 lectures,All Levels,₱649,"₱3,790",None
Master Microservices with Spring Boot and Spring Cloud,"Java Spring Boot Microservices 5-in-1 - Spring Boot, Spring Cloud, Docker, Kubernetes and REST API (REST Web Services)",in28Minutes Official,4.6 out of 5,"42,196",22 total hours,261 lectures,All Levels,₱599,₱799,Bestseller
"Advanced CSS and Sass: Flexbox, Grid, Animations and More!","The most advanced and modern CSS course on the internet: master flexbox, CSS Grid, responsive design, and so much more.",Jonas Schmedtmann,4.8 out of 5,"39,419",28 total hours,126 lectures,Intermediate,₱899,"₱4,790",Bestseller
Understanding TypeScript,"Boost your JavaScript projects with TypeScript: Learn all about core types, generics, TypeScript + React or Node & more!",Maximilian Schwarzmüller,4.7 out of 5,"39,246",15 total hours,198 lectures,All Levels,₱649,"₱3,790",Bestseller
HTML and CSS for Beginners - Build a Website & Launch ONLINE,HTML and CSS for Beginners  course will give your all the knowledge you need to master HTML and CSS easily and quickly.,"Edwin Diaz, Coding Faculty Solutions",4.5 out of 5,"34,303",6 total hours,49 lectures,All Levels,₱649,"₱1,990",None
The Complete ASP.NET MVC 5 Course,"Learn to build fast and secure web applications with ASP.NET MVC 5 - The most popular course with 40,000+ students!",Mosh Hamedani,4.3 out of 5,"32,244",7.5 total hours,139 lectures,All Levels,₱899,"₱4,490",Bestseller
Modern JavaScript From The Beginning,Learn and build projects with pure JavaScript (No frameworks or libraries),Brad Traversy,4.6 out of 5,"30,639",21.5 total hours,122 lectures,All Levels,₱799,"₱3,790",None
Learn and Understand NodeJS,"Dive deep under the hood of NodeJS. Learn V8, Express, the MEAN stack, core Javascript concepts, and more.",Anthony Alicea,4.5 out of 5,"27,914",13 total hours,97 lectures,All Levels,₱649,"₱3,290",None
The Complete Angular Course: Beginner to Advanced,"The most comprehensive Angular 4 (Angular 2+) course. Build a real e-commerce app with Angular, Firebase and Bootstrap 4",Mosh Hamedani,4.4 out of 5,"26,377",29.5 total hours,376 lectures,All Levels,₱799,"₱4,490",None
"Complete React Developer in 2023 (w/ Redux, Hooks, GraphQL)","Updated! Become a Senior React Developer. Build a massive E-commerce app with Redux, Hooks, GraphQL, Stripe, Firebase","Andrei Neagoie, Yihua Zhang, Zero To Mastery",4.6 out of 5,"25,162",39.5 total hours,329 lectures,All Levels,₱799,"₱4,790",None
Ethereum and Solidity: The Complete Developer's Guide,"Use Ethereum, Solidity, and Smart Contracts to build production-ready apps based on the blockchain",Stephen Grider,4.6 out of 5,"24,859",24 total hours,266 lectures,All Levels,₱799,"₱1,950",Bestseller
Modern HTML & CSS From The Beginning (Including Sass),"Build modern responsive websites & UIs with HTML5, CSS3 & Sass! Learn Flex & CSS Grid",Brad Traversy,4.7 out of 5,"24,636",21 total hours,129 lectures,All Levels,₱649,"₱1,990",None
Responsive Web Design: HTML5 + CSS3 for Entrepreneurs 2018,"Build a coding foundation as an entrepreneur, where I’ll take you through the entire process of coding your own website","Andrew Eddy, Margot Dukes",4.5 out of 5,"23,912",5.5 total hours,58 lectures,Beginner,₱649,"₱1,950",None
PHP for Beginners - Become a PHP Master - CMS Project,PHP for Beginners: learn everything you need to become a professional PHP developer with practical exercises & projects.,"Edwin Diaz, Coding Faculty Solutions",4.4 out of 5,"23,239",37 total hours,336 lectures,All Levels,₱649,"₱3,790",Bestseller
Angular & NodeJS - The MEAN Stack Guide [2023 Edition],Learn how to connect your Angular Frontend to a NodeJS & Express & MongoDB Backend by building a real Application,Maximilian Schwarzmüller,4.6 out of 5,"23,138",12.5 total hours,152 lectures,All Levels,₱799,"₱2,450",Bestseller
The Complete React Developer Course (w/ Hooks and Redux),"Learn how to build and launch React web applications using React, Redux, Webpack, React-Router, and more!",Andrew Mead,4.5 out of 5,"22,467",39 total hours,200 lectures,Beginner,₱899,"₱1,990",None
Python for beginners,Master the fundamentals of Python while working on various usecases in easy steps,Bharath Thippireddy,4.5 out of 5,"21,652",14 total hours,300 lectures,All Levels,₱649,₱999,None
Learn and Understand AngularJS,"Master AngularJS and the Javascript concepts behind it, design custom directives, and build a single page application.",Anthony Alicea,4.5 out of 5,"21,332",7 total hours,55 lectures,All Levels,₱699,"₱3,790",Bestseller
Become a WordPress Developer: Unlocking Power With Code,"Learn PHP, JavaScript, WordPress theming & the WP REST API to Create Custom & Interactive WordPress Websites",Brad Schiff,4.7 out of 5,"20,474",42 total hours,207 lectures,All Levels,₱649,"₱3,790",Bestseller
Build an app with ASPNET Core and Angular from scratch,A practical example of how to build an application with ASP.NET Core API and Angular from start to finish,Neil Cummings,4.6 out of 5,"20,153",35.5 total hours,275 lectures,Beginner,₱899,"₱4,790",Bestseller
REST APIs with Flask and Python in 2023,"Build professional REST APIs with Python, Flask, Docker, Flask-Smorest, and Flask-SQLAlchemy","Jose Salvatierra, Teclado by Jose Salvatierra",4.6 out of 5,"19,385",12 total hours,123 lectures,Intermediate,₱799,"₱2,050",Bestseller
Angular Crash Course for Busy Developers,Have limited time to learn Angular 4 (Angular 2+)? Take this course and learn Angular in 10 hours!,Mosh Hamedani,4.5 out of 5,"17,916",10.5 total hours,137 lectures,All Levels,₱649,"₱2,790",None
Bootstrap 4 From Scratch With 5 Projects,Master Bootstrap 4 and build 5 real world themes while learning HTML5 semantics & CSS3,Brad Traversy,4.6 out of 5,"16,389",11.5 total hours,74 lectures,All Levels,₱899,"₱2,450",None
Docker & Kubernetes: The Practical Guide [2023 Edition],"Learn Docker, Docker Compose, Multi-Container Projects, Deployment and all about Kubernetes from the ground up!","Academind by Maximilian Schwarzmüller, Maximilian Schwarzmüller",4.7 out of 5,"16,186",23.5 total hours,261 lectures,All Levels,₱799,"₱4,790",Bestseller
"Node.js, Express, MongoDB & More: The Complete Bootcamp 2023","Master Node by building a real-world RESTful API and web app (with authentication, Node.js security, payments & more)",Jonas Schmedtmann,4.6 out of 5,"16,130",42 total hours,229 lectures,All Levels,₱799,"₱4,790",Bestseller
Javascript for Beginners Learn by Doing Practical Exercises,JavaScript for Beginners : Work closely with me doing exercises & learn more. I make Javascript easy for you guaranteed.,"Edwin Diaz, Coding Faculty Solutions",4.4 out of 5,"15,390",4 total hours,31 lectures,All Levels,₱649,"₱1,990",None
"MERN Stack Front To Back: Full Stack React, Redux & Node.js","Build and deploy a social network with Node.js, Express, React, Redux & MongoDB. Fully updated April 2019",Brad Traversy,4.5 out of 5,"15,044",12 total hours,73 lectures,Intermediate,₱899,"₱2,450",None
The Complete Ruby on Rails Developer Course,Learn to make innovative web apps with Ruby on Rails and unleash your creativity,"Rob Percival, Mashrur Hossain, Codestars • over 2 million students worldwide!",4.5 out of 5,"14,874",48 total hours,432 lectures,All Levels,₱899,"₱4,490",Bestseller
Learn HTML5 Programming From Scratch,A Complete HTML5 Programming Course for Beginners,Eduonix Learning Solutions,4.3 out of 5,"14,659",17 total hours,72 lectures,All Levels,₱649,₱899,None
The Complete WordPress Website Business Course,"Master WordPress with this Complete WordPress Course, without learning how to code and without any programming!","Rob Percival, Gregg Davis, Codestars • over 2 million students worldwide!",4.4 out of 5,"14,603",22 total hours,116 lectures,All Levels,₱899,"₱2,450",None
Node with React: Fullstack Web Development,"Build and deploy fullstack web apps with NodeJS, React, Redux, Express, and MongoDB.",Stephen Grider,4.5 out of 5,"14,351",26 total hours,219 lectures,All Levels,₱799,"₱3,990",None
Docker Crash Course for busy DevOps and Developers,Learn how to develop and deploy web applications with Docker technologies. Take your DevOps skills to the next level.,"Tao W., Level Up, James Lee",4.4 out of 5,"14,267",3 total hours,49 lectures,All Levels,₱699,"₱2,250",None
Microservices with Node JS and React,"Build, deploy, and scale an E-Commerce app using Microservices built with Node, React, Docker and Kubernetes",Stephen Grider,4.8 out of 5,"14,052",54.5 total hours,663 lectures,All Levels,₱899,"₱4,790",Bestseller
The Coding Interview Bootcamp: Algorithms + Data Structures,Ace your next Javascript coding interview by mastering data structures and algorithms.,Stephen Grider,4.7 out of 5,"13,930",13 total hours,139 lectures,All Levels,₱699,"₱1,890",None
Ultimate Web Designer & Web Developer Course,Become a Full-Stack Web Designer in 2023 - Learn Everything from Web Design Fundamentals to Front-End Web Development,Brad Hussey,4.6 out of 5,"13,846",35 total hours,263 lectures,All Levels,₱799,"₱4,790",Bestseller
The Complete Front-End Web Development Course,"Get started as a front-end web developer using HTML, CSS, JavaScript, jQuery, and Bootstrap!","Joseph Delgadillo, Nick Germaine",4.4 out of 5,"13,446",17 total hours,126 lectures,All Levels,₱799,"₱3,790",None
ES6 Javascript: The Complete Developer's Guide,ES6 Javascript Development from scratch.  Get practice with live examples and learn exactly where to apply ES6 features.,Stephen Grider,4.6 out of 5,"12,836",6.5 total hours,70 lectures,Beginner,₱799,"₱1,790",None
Master Java Web Services and REST API with Spring Boot,Build Java Web Services & REST API - RESTful & SOAP - with Spring & Spring Boot. Learn REST API & SOAP Web Services Now!,in28Minutes Official,4.5 out of 5,"12,696",12 total hours,134 lectures,All Levels,₱599,₱799,None
Build Websites from Scratch with HTML & CSS,Learn Web Development Essentials and Become a Web Developer From Scratch in this Complete HTML & CSS Beginner's Course,"Brad Hussey, Code College",4.6 out of 5,"12,689",8.5 total hours,81 lectures,Beginner,₱649,"₱2,350",None
The Modern JavaScript Bootcamp,"Learn JavaScript by building real-world apps. Includes 3 real-world projects, 80 programming challenges, and ES6/ES7!",Andrew Mead,4.7 out of 5,"12,685",29.5 total hours,155 lectures,All Levels,₱899,"₱1,850",None
AWS Serverless APIs & Apps - A Complete Introduction,"Get into serverless computing with API Gateway, AWS Lambda and other Amazon Web Services! Zero server config APIs & SPAs","Academind by Maximilian Schwarzmüller, Maximilian Schwarzmüller",4.6 out of 5,"12,573",8 total hours,142 lectures,All Levels,₱799,"₱2,350",Bestseller
JavaScript: The Advanced Concepts (2023 Update),Learn modern advanced JavaScript practices and be in the top 10% of JavaScript developers,"Andrei Neagoie, Zero To Mastery",4.7 out of 5,"12,205",25.5 total hours,230 lectures,All Levels,₱799,"₱3,990",None
PHP with Laravel for beginners - Become a Master in Laravel,Learn to master Laravel to make advanced applications like the real CMS app we build on this course,"Edwin Diaz, Coding Faculty Solutions",4.4 out of 5,"12,027",43 total hours,409 lectures,All Levels,₱899,"₱2,450",Bestseller
"Beginner Full Stack Web Development: HTML, CSS, React & Node","Learn web development with HTML, CSS, Bootstrap 4, ES6 React and Node","Mark Wahlbeck, Devslopes by Mark Wahlbeck",4.4 out of 5,"11,710",31.5 total hours,168 lectures,Beginner,₱899,"₱4,790",None
Learn Spring Boot 3 in 100 Steps - No 1 Java Framework,"Java Spring Boot Framework in 100 steps - Build a REST API and a Web application with Java, JPA, SpringBoot and Maven",in28Minutes Official,4.5 out of 5,"11,618",15.5 total hours,157 lectures,All Levels,₱599,₱799,None
Node.js: The Complete Guide to Build RESTful APIs (2018),"Learn to build fast, scalable and secure RESTful services with Node, Express and MongoDB, from setup to production",Mosh Hamedani,4.7 out of 5,"11,475",15 total hours,224 lectures,Intermediate,₱799,"₱3,990",None
AWS CloudFormation Master Class v2 [2022],Write Complete AWS CloudFormation Templates using YAML. Learn all the Recent Cloud Formation Features,"Stephane Maarek | AWS Certified Cloud Practitioner,Solutions Architect,Developer",4.6 out of 5,"11,110",7 total hours,113 lectures,All Levels,₱899,"₱2,290",Bestseller
Advanced React and Redux,"Walkthroughs on advanced React v16.6.3 and Redux v4.0.0 - Authentication, Testing, Middlewares, HOC's, and Deployment",Stephen Grider,4.3 out of 5,"10,827",21 total hours,240 lectures,Intermediate,₱749,"₱2,350",None
Progressive Web Apps (PWA) - The Complete Guide,"Build a Progressive Web App (PWA) that feels like an iOS & Android App, using Device Camera, Push Notifications and more","Academind by Maximilian Schwarzmüller, Maximilian Schwarzmüller",4.6 out of 5,"10,362",16 total hours,208 lectures,All Levels,₱799,"₱2,450",Bestseller
"Modern JavaScript (Complete guide, from Novice to Ninja)",Learn Modern JavaScript from the very start to ninja-level & build awesome JavaScript applications.,The Net Ninja (Shaun Pelling),4.8 out of 5,"9,866",20.5 total hours,188 lectures,All Levels,₱699,"₱1,990",None
Next.js & React - The Complete Guide (incl. Two Paths!),"Learn NextJS from the ground up and build production-ready, fullstack ReactJS apps with the NextJS framework!",Maximilian Schwarzmüller,4.7 out of 5,"9,722",25 total hours,276 lectures,All Levels,₱649,"₱3,790",Bestseller
GraphQL with React: The Complete Developers Guide,Learn and master GraphQL by building real web apps with React and Node,Stephen Grider,4.3 out of 5,"9,613",13.5 total hours,116 lectures,Intermediate,₱699,"₱2,450",Bestseller
Complete guide to ASP.NET Core MVC (.NET 6),"Build real world application using ASP.NET Core MVC, Entity Framework Core and ASP.NET Core Identity.",Bhrugen Patel,4.5 out of 5,"9,381",14.5 total hours,200 lectures,Intermediate,₱799,"₱4,490",Bestseller
"50 Projects In 50 Days - HTML, CSS & JavaScript","Sharpen your skills by building 50 quick, unique & fun mini projects","Brad Traversy, Florin Pop",4.6 out of 5,"9,337",18.5 total hours,164 lectures,Beginner,₱699,"₱1,990",None
The Advanced Web Developer Bootcamp,"Learn React 16, Redux, D3, ES2015, Testing, CSS Flexbox, Animations, SVG, AJAX, and more!","Colt Steele, Elie Schoppik, Tim Garcia, Matt Lane",4.6 out of 5,"9,156",34 total hours,391 lectures,Intermediate,₱799,"₱4,790",None
Front End Web Development Ultimate Guide,You'll learn all the fundamentals of Front-End Web Development and how you can  Use them to start creating websites!,"Josh Werner, Learn Tecc",4.1 out of 5,"9,137",92.5 total hours,690 lectures,All Levels,₱699,"₱3,290",None
Master Hibernate and JPA with Spring Boot in 100 Steps,"Learn Hibernate, JPA (Java Persistence API) and Spring Data JPA using Spring and Spring Boot",in28Minutes Official,4.5 out of 5,"9,117",14 total hours,164 lectures,All Levels,₱599,₱799,Bestseller
React Front To Back,"Learn Modern React 16.8+ Including Hooks, Context API, Full Stack MERN & Redux By Building Real Life Projects",Brad Traversy,4.2 out of 5,"8,930",14 total hours,91 lectures,All Levels,₱649,"₱2,150",None
Web Development Masterclass - Online Certification Course,Cloud Computing | Web Apps | Linux | Web Servers | DBMS | LAMP Stack | HTML | CSS | JavaScript | PHP | + More,YouAccel Training,4.5 out of 5,"8,741",26 total hours,398 lectures,All Levels,₱649,"₱3,790",None
"React, NodeJS, Express & MongoDB - The MERN Fullstack Guide","Build fullstack React.js applications with Node.js, Express.js & MongoDB (MERN) with this project-focused course.","Academind by Maximilian Schwarzmüller, Maximilian Schwarzmüller, Manuel Lorenz",4.5 out of 5,"8,737",19 total hours,208 lectures,All Levels,₱799,"₱2,790",Bestseller
Bash Shell Scripting: Crash Course For Beginners,"Learn Bash Shell Scripting from total beginner:Start from the Command Line,finish with a real world Shell Script Project",Francesco Santi,4.7 out of 5,"8,465",5.5 total hours,75 lectures,All Levels,₱649,"₱3,990",Highest rated
NestJS Zero to Hero - Modern TypeScript Back-end Development,Develop and deploy enterprise back-end applications following best practices using Node.js and TypeScript,Ariel Weinberger,4.5 out of 5,"8,445",9 total hours,136 lectures,All Levels,₱699,₱999,None
Go Java Full Stack with Spring Boot and Angular,Become a Full Stack Java Developer. Build Your First Java Full Stack Application with Angular and Spring Boot.,in28Minutes Official,4.5 out of 5,"8,373",11.5 total hours,131 lectures,All Levels,₱599,₱799,None
Node JS: Advanced Concepts,"Get advanced with Node.Js! Learn caching with Redis, speed up through clustering, and add image upload with S3 and Node!",Stephen Grider,4.7 out of 5,"8,261",16 total hours,169 lectures,Intermediate,₱699,"₱2,150",None
Advanced Javascript,In only seven hours you will learn enough javascript to transform from a Junior JS Dev into a Senior JS Guru,Asim Hussain,4.6 out of 5,"8,010",6.5 total hours,47 lectures,Intermediate,₱699,"₱1,490",None
Learn Object Oriented PHP By Building a Complete Website,Quick and Easy Guide to Master OOPs in PHP,"Eduonix Learning Solutions, Eduonix-Tech .",4.2 out of 5,"7,811",4.5 total hours,33 lectures,All Levels,₱599,₱799,None
"HTML, CSS, & JavaScript - Certification Course for Beginners","A Comprehensive Guide for Beginners interested in learning HTML, CSS, & JavaScript to Build Interactive Web Pages.",YouAccel Training,4.3 out of 5,"7,809",5.5 total hours,113 lectures,Beginner,₱799,"₱2,790",None
Python and Flask Bootcamp: Create Websites using Flask!,Create awesome websites using the powerful Flask framework for Python!,Jose Portilla,4.7 out of 5,"7,787",20 total hours,127 lectures,All Levels,₱699,"₱3,790",None
"Angular (Full App) with Angular Material, Angularfire & NgRx","Use Angular, Angular Material, Angularfire (+ Firebase with Firestore) and NgRx to build a real Angular App","Academind by Maximilian Schwarzmüller, Maximilian Schwarzmüller",4.5 out of 5,"7,787",11.5 total hours,140 lectures,All Levels,₱749,"₱2,350",Bestseller
The Complete Developers Guide to MongoDB,Master MongoDB and Mongoose design with a test-driven approach,Stephen Grider,4.3 out of 5,"7,567",13.5 total hours,130 lectures,All Levels,₱699,"₱2,450",None
"The Modern React Bootcamp (Hooks, Context, NextJS, Router)",Just published! Follow the same curriculum I teach my students in SF. 10+ projects including one HUGE application!,Colt Steele,4.6 out of 5,"7,497",39 total hours,314 lectures,Beginner,₱699,"₱3,790",None
The Complete 2023 Web Development Course - Build 15 Projects,"The only course you need to become a full-stack web developer. Covers HTML5, CSS3, JS, ES6, Node, APIs, Mobile & more!",Development Island (UK),4.5 out of 5,"7,451",99.5 total hours,508 lectures,All Levels,₱649,"₱3,790",None
The Complete jQuery Course: From Beginner To Advanced!,"Use jQuery to create stunning animations, provide fast feedback forms, handle all user events and perform Ajax calls.","Joe Parys, Peter Sommerhoff, Joe Parys Support",4.5 out of 5,"7,132",6 total hours,51 lectures,All Levels,₱749,"₱3,290",None
Web Development w/ Google’s Go (golang) Programming Language,Learn Web Programming from a University Professor in Computer Science with over 20 years of teaching experience.,Todd McLeod,4.7 out of 5,"7,066",19 total hours,173 lectures,Intermediate,₱749,"₱1,650",None
Git a Web Developer Job: Mastering the Modern Workflow,"Learn Git, GitHub, Node.js, NPM, Object-oriented JavaScript, ES6, webpack, Netlify, BEM and Job Interview Tips",Brad Schiff,4.8 out of 5,"7,031",16 total hours,74 lectures,Beginner,₱749,"₱3,790",Highest rated
Build Web Apps with Vue JS 3 & Firebase,Learn Vue JS 3 & Firebase by creating & deploying dynamic web apps (including Authentication).,The Net Ninja (Shaun Pelling),4.7 out of 5,"6,921",31.5 total hours,314 lectures,All Levels,₱799,"₱1,990",None
The Complete Elixir and Phoenix Bootcamp,Master Functional Programming techniques with Elixir and Phoenix while learning to build compelling web applications!,Stephen Grider,4.5 out of 5,"6,796",17.5 total hours,154 lectures,All Levels,₱749,"₱1,490",Bestseller
The Complete 2020 Fullstack Web Developer Course,"Learn HTML5, CSS3, JavaScript, Python, Wagtail CMS, PHP & MySQL from scratch!",Kalob Taulien,4.5 out of 5,"6,671",67 total hours,695 lectures,All Levels,₱799,"₱4,490",None
Salesforce Development Training for Beginners,Salesforce Development :Learn about Apex programming and Salesforce development. Become a Salesforce Developer.,Deepika Khanna,4.6 out of 5,"6,632",14 total hours,109 lectures,All Levels,₱649,"₱3,990",Bestseller
Nuxt.js 2 - Vue.js on Steroids,Build highly engaging Vue JS apps with Nuxt.js. Nuxt adds easy server-side-rendering and a folder-based config approach.,"Academind by Maximilian Schwarzmüller, Maximilian Schwarzmüller",4.4 out of 5,"6,593",6.5 total hours,107 lectures,Intermediate,₱749,"₱2,350",None
